{
  "param_mse": 0.1275489777326584,
  "glucose_mse": 0.08006187528371811,
  "param_mae": 47.7850341796875,
  "glucose_mae": 1.7364611625671387,
  "param_rmse": 123.43209075927734,
  "glucose_rmse": 2.322641372680664
}