{
  "test_samples_count": 5,
  "normalized_space": {
    "overall_mae": 0.0021102807950228453,
    "max_mae": 0.003075027372688055,
    "min_mae": 0.0007946967962197959,
    "mae_errors": [
      0.001923334551975131,
      0.0026056289207190275,
      0.0007946967962197959,
      0.003075027372688055,
      0.0021527172066271305
    ]
  },
  "original_space": {
    "overall_mae": 0.6426745653152466,
    "max_mae": 0.9854997396469116,
    "min_mae": 0.34295040369033813,
    "mae_errors": [
      0.38666120171546936,
      0.9854997396469116,
      0.34295040369033813,
      0.864292323589325,
      0.6339689493179321
    ]
  },
  "pytorch_predictions": [
    [
      14.015705108642578,
      1.663773775100708,
      28.876935958862305,
      355.16693115234375,
      8.272732734680176
    ],
    [
      19.338382720947266,
      1.9236341714859009,
      33.25098419189453,
      362.33447265625,
      8.757210731506348
    ],
    [
      15.02600383758545,
      0.8021990060806274,
      15.943354606628418,
      1209.5048828125,
      12.477060317993164
    ],
    [
      17.142398834228516,
      1.8716248273849487,
      31.461267471313477,
      357.57720947265625,
      8.296279907226562
    ],
    [
      13.13359260559082,
      1.601723313331604,
      27.96552085876465,
      337.21624755859375,
      8.289908409118652
    ]
  ],
  "tflite_predictions": [
    [
      14.321812629699707,
      1.66434907913208,
      28.937267303466797,
      353.609375,
      8.281468391418457
    ],
    [
      19.450931549072266,
      1.9379981756210327,
      33.22758865356445,
      367.0625,
      8.806373596191406
    ],
    [
      15.029276847839355,
      0.7977932691574097,
      15.8620023727417,
      1207.8828125,
      12.480710983276367
    ],
    [
      17.328536987304688,
      1.8923900127410889,
      31.59317970275879,
      353.609375,
      8.281468391418457
    ],
    [
      13.083748817443848,
      1.6187407970428467,
      28.12006187438965,
      340.15625,
      8.281468391418457
    ]
  ],
  "conversion_quality": "fair"
}