{
  "test_samples_count": 5,
  "normalized_space": {
    "overall_mae": 0.002450507367029786,
    "max_mae": 0.003274953458458185,
    "min_mae": 0.0013006210792809725,
    "mae_errors": [
      0.0015628219116479158,
      0.0013006210792809725,
      0.0029525011777877808,
      0.003274953458458185,
      0.0031616389751434326
    ]
  },
  "original_space": {
    "overall_mae": 0.9395745396614075,
    "max_mae": 1.6802772283554077,
    "min_mae": 0.4495846629142761,
    "mae_errors": [
      1.6802772283554077,
      0.4495846629142761,
      1.0838147401809692,
      0.6593772172927856,
      0.8248192071914673
    ]
  },
  "pytorch_predictions": [
    [
      14.015705108642578,
      1.663773775100708,
      28.876935958862305,
      355.16693115234375,
      8.272732734680176
    ],
    [
      19.338382720947266,
      1.9236341714859009,
      33.25098419189453,
      362.33447265625,
      8.757210731506348
    ],
    [
      15.02600383758545,
      0.8021990060806274,
      15.943354606628418,
      1209.5048828125,
      12.477060317993164
    ],
    [
      17.142398834228516,
      1.8716248273849487,
      31.461267471313477,
      357.57720947265625,
      8.296279907226562
    ],
    [
      13.13359260559082,
      1.601723313331604,
      27.96552085876465,
      337.21624755859375,
      8.289908409118652
    ]
  ],
  "tflite_predictions": [
    [
      13.968079566955566,
      1.66434907913208,
      28.937267303466797,
      346.8828125,
      8.281468391418457
    ],
    [
      19.274065017700195,
      1.9227954149246216,
      33.431888580322266,
      360.3359375,
      8.753883361816406
    ],
    [
      14.852411270141602,
      0.8129960298538208,
      15.8620023727417,
      1214.609375,
      12.428220748901367
    ],
    [
      17.505403518676758,
      1.8771872520446777,
      31.59317970275879,
      360.3359375,
      8.333958625793457
    ],
    [
      12.906883239746094,
      1.6187407970428467,
      27.915761947631836,
      333.4296875,
      8.333958625793457
    ]
  ],
  "conversion_quality": "fair"
}