{
  "test_samples_count": 5,
  "normalized_space": {
    "overall_mae": 0.0025535994209349155,
    "max_mae": 0.00404430041089654,
    "min_mae": 0.0016377888387069106,
    "mae_errors": [
      0.0017688542138785124,
      0.0029341517947614193,
      0.0016377888387069106,
      0.0023829012643545866,
      0.00404430041089654
    ]
  },
  "original_space": {
    "overall_mae": 0.6190527677536011,
    "max_mae": 1.4490126371383667,
    "min_mae": 0.21512146294116974,
    "mae_errors": [
      0.6204160451889038,
      1.4490126371383667,
      0.24621820449829102,
      0.5644953846931458,
      0.21512146294116974
    ]
  },
  "pytorch_predictions": [
    [
      14.259724617004395,
      1.6913014650344849,
      28.96021270751953,
      370.9909973144531,
      8.17205810546875
    ],
    [
      19.639892578125,
      1.9406514167785645,
      33.40412902832031,
      367.4540710449219,
      8.823102951049805
    ],
    [
      14.647345542907715,
      0.8218334317207336,
      16.026182174682617,
      1181.94677734375,
      12.208934783935547
    ],
    [
      17.358694076538086,
      1.8967210054397583,
      31.295345306396484,
      357.7462463378906,
      8.088956832885742
    ],
    [
      13.4646635055542,
      1.6334142684936523,
      28.106168746948242,
      353.0850830078125,
      8.175346374511719
    ]
  ],
  "tflite_predictions": [
    [
      14.144946098327637,
      1.6947544813156128,
      29.14156723022461,
      373.7890625,
      8.17648696899414
    ],
    [
      19.627798080444336,
      1.9227954149246216,
      33.431888580322266,
      360.3359375,
      8.753883361816406
    ],
    [
      14.852411270141602,
      0.8281987309455872,
      16.066303253173828,
      1180.9765625,
      12.21825885772705
    ],
    [
      17.328536987304688,
      1.8923900127410889,
      31.18457794189453,
      360.3359375,
      8.17648696899414
    ],
    [
      13.260615348815918,
      1.6339435577392578,
      27.915761947631836,
      353.609375,
      8.019015312194824
    ]
  ],
  "conversion_quality": "fair"
}