{
  "test_samples_count": 5,
  "normalized_space": {
    "overall_mae": 0.00430049654096365,
    "max_mae": 0.00748815480619669,
    "min_mae": 0.0024922937154769897,
    "mae_errors": [
      0.0024922937154769897,
      0.002570503856986761,
      0.00748815480619669,
      0.006363466382026672,
      0.0025880634784698486
    ]
  },
  "original_space": {
    "overall_mae": 2.271376132965088,
    "max_mae": 7.0146355628967285,
    "min_mae": 0.16735005378723145,
    "mae_errors": [
      0.8538694381713867,
      1.291322946548462,
      7.0146355628967285,
      2.02970290184021,
      0.16735005378723145
    ]
  },
  "pytorch_predictions": [
    [
      14.259724617004395,
      1.6913014650344849,
      28.96021270751953,
      370.9909973144531,
      8.17205810546875
    ],
    [
      19.639892578125,
      1.9406514167785645,
      33.40412902832031,
      367.4540710449219,
      8.823102951049805
    ],
    [
      14.647345542907715,
      0.8218334317207336,
      16.026182174682617,
      1181.94677734375,
      12.208934783935547
    ],
    [
      17.358694076538086,
      1.8967210054397583,
      31.295345306396484,
      357.7462463378906,
      8.088956832885742
    ],
    [
      13.4646635055542,
      1.6334142684936523,
      28.106168746948242,
      353.0850830078125,
      8.175346374511719
    ]
  ],
  "tflite_predictions": [
    [
      14.321812629699707,
      1.6947544813156128,
      28.73296546936035,
      367.0625,
      8.12399673461914
    ],
    [
      19.627798080444336,
      1.9532009363174438,
      33.431888580322266,
      373.7890625,
      8.753883361816406
    ],
    [
      14.321812629699707,
      0.8129960298538208,
      16.066303253173828,
      1147.34375,
      12.113277435302734
    ],
    [
      16.97480583190918,
      1.9075927734375,
      30.980276107788086,
      367.0625,
      7.966525077819824
    ],
    [
      13.437481880187988,
      1.649146318435669,
      28.324363708496094,
      353.609375,
      8.12399673461914
    ]
  ],
  "conversion_quality": "fair"
}