{
  "test_samples_count": 5,
  "normalized_space": {
    "overall_mae": 1.9818545027305845e-08,
    "max_mae": 2.9802322387695312e-08,
    "min_mae": 1.4901161193847656e-08,
    "mae_errors": [
      1.7881394143159923e-08,
      1.7881394143159923e-08,
      1.862645149230957e-08,
      1.4901161193847656e-08,
      2.9802322387695312e-08
    ]
  },
  "original_space": {
    "overall_mae": 1.0271071914758068e-05,
    "max_mae": 1.888275073724799e-05,
    "min_mae": 9.5367431640625e-07,
    "mae_errors": [
      1.2421607607393526e-05,
      1.296997106692288e-05,
      9.5367431640625e-07,
      6.127357664809097e-06,
      1.888275073724799e-05
    ]
  },
  "pytorch_predictions": [
    [
      14.259724617004395,
      1.6913014650344849,
      28.96021270751953,
      370.9909973144531,
      8.17205810546875
    ],
    [
      19.639892578125,
      1.9406514167785645,
      33.40412902832031,
      367.4540710449219,
      8.823102951049805
    ],
    [
      14.647345542907715,
      0.8218334317207336,
      16.026182174682617,
      1181.94677734375,
      12.208934783935547
    ],
    [
      17.358694076538086,
      1.8967210054397583,
      31.295345306396484,
      357.7462463378906,
      8.088956832885742
    ],
    [
      13.4646635055542,
      1.6334142684936523,
      28.106168746948242,
      353.0850830078125,
      8.175346374511719
    ]
  ],
  "tflite_predictions": [
    [
      14.259725570678711,
      1.6913013458251953,
      28.96021270751953,
      370.9910583496094,
      8.17205810546875
    ],
    [
      19.639892578125,
      1.9406514167785645,
      33.40413284301758,
      367.4541320800781,
      8.823102951049805
    ],
    [
      14.647348403930664,
      0.8218334317207336,
      16.026180267333984,
      1181.94677734375,
      12.208934783935547
    ],
    [
      17.358694076538086,
      1.8967211246490479,
      31.295345306396484,
      357.7462158203125,
      8.088956832885742
    ],
    [
      13.464666366577148,
      1.6334142684936523,
      28.106168746948242,
      353.0851745605469,
      8.175346374511719
    ]
  ],
  "conversion_quality": "excellent"
}