{
  "param_mse": 0.06150384247303009,
  "param_mae": 32.32360076904297,
  "param_rmse": 106.81657409667969
}