{
  "param_mse": 0.055643342435359955,
  "param_mae": 32.269168853759766,
  "param_rmse": 108.10997772216797
}