{
  "param_mse": 0.023428309331589108,
  "param_mae": 24.761585235595703,
  "param_rmse": 66.85224914550781
}