{
  "param_mse": 0.12142259627580643,
  "glucose_mse": 0.04499752074480057,
  "param_mae": 46.112937927246094,
  "glucose_mae": 1.6780356168746948,
  "param_rmse": 120.61453247070312,
  "glucose_rmse": 1.9340672492980957
}