{
  "model_config": {
    "input_dim": 12,
    "param_dim": 5,
    "hidden_dim": 128,
    "num_layers": 2,
    "dropout": 0.2,
    "num_individuals": 100
  },
  "input_shape": [
    1,
    12
  ],
  "output_shape": [
    1,
    5
  ],
  "model_size_bytes": 253300,
  "conversion_time": "20250728_152530",
  "source_model": "Training_Outputs\\training_output_20250728_151625\\best_model.pth",
  "parameter_names": [
    "频率(Hz)",
    "电流(mA)",
    "时长(min)",
    "脉宽(μs)",
    "周期(周)"
  ],
  "preprocessing": {
    "glucose_scaler_mean": [
      14.269312371613701,
      15.379546251099335,
      15.945779521946635,
      16.577545470688346,
      16.654396662100815,
      16.375724653371122,
      16.066586048170898,
      15.50243622863233,
      14.706921583073274,
      14.230392666420926,
      14.349488736677264,
      14.393917380977754
    ],
    "glucose_scaler_scale": [
      9.581531504313908,
      9.934215678239104,
      9.748959516969576,
      9.617725379601897,
      9.580969160321976,
      9.270638644927608,
      9.179212987596644,
      8.949354072264624,
      8.458124841970958,
      8.217841247475803,
      8.801387915718013,
      9.133663865077766
    ],
    "param_scaler_min": [
      -0.6666666666666666,
      -0.6535947712418302,
      -1.2258064516129032,
      -0.1111111111111111,
      -0.36363636363636365
    ],
    "param_scaler_scale": [
      0.08333333333333333,
      0.6535947712418302,
      0.06451612903225806,
      0.0007936507936507937,
      0.11363636363636363
    ]
  }
}