{
  "test_samples_count": 5,
  "normalized_space": {
    "overall_mae": 0.0035804249346256256,
    "max_mae": 0.005421170499175787,
    "min_mae": 0.0023207180202007294,
    "mae_errors": [
      0.0035243958700448275,
      0.003442710731178522,
      0.0023207180202007294,
      0.005421170499175787,
      0.0031931281555444
    ]
  },
  "original_space": {
    "overall_mae": 1.4216853380203247,
    "max_mae": 2.7932639122009277,
    "min_mae": 0.8872105479240417,
    "mae_errors": [
      0.8872105479240417,
      2.7932639122009277,
      1.1790639162063599,
      0.9516409635543823,
      1.2972469329833984
    ]
  },
  "pytorch_predictions": [
    [
      14.259724617004395,
      1.6913014650344849,
      28.96021270751953,
      370.9909973144531,
      8.17205810546875
    ],
    [
      19.639892578125,
      1.9406514167785645,
      33.40412902832031,
      367.4540710449219,
      8.823102951049805
    ],
    [
      14.647345542907715,
      0.8218334317207336,
      16.026182174682617,
      1181.94677734375,
      12.208934783935547
    ],
    [
      17.358694076538086,
      1.8967210054397583,
      31.295345306396484,
      357.7462463378906,
      8.088956832885742
    ],
    [
      13.4646635055542,
      1.6334142684936523,
      28.106168746948242,
      353.0850830078125,
      8.175346374511719
    ]
  ],
  "tflite_predictions": [
    [
      14.321812629699707,
      1.6795517206192017,
      29.345869064331055,
      367.0625,
      8.12399673461914
    ],
    [
      19.627798080444336,
      1.9532009363174438,
      33.431888580322266,
      353.609375,
      8.753883361816406
    ],
    [
      14.675544738769531,
      0.8129960298538208,
      16.066303253173828,
      1187.703125,
      12.27074909210205
    ],
    [
      17.505403518676758,
      1.8771872520446777,
      30.980276107788086,
      353.609375,
      8.228978157043457
    ],
    [
      13.260615348815918,
      1.6187407970428467,
      28.12006187438965,
      346.8828125,
      8.12399673461914
    ]
  ],
  "conversion_quality": "fair"
}